Date,Avantis,dYdX v3,dYdX v4,Gains Network,GMX,Holdstation,Hyperliquid,Jupiter,KTX Finance,Level Finance,MUX Protocol,Perpetual Protocol,RabbitX,Synthetix,Vertex Protocol
31-Aug-21,,,,,2,,,,,,,,,,
1-Sep-21,,,,,13,,,,,,,,,,
2-Sep-21,,,,,20,,,,,,,,,,
3-Sep-21,,,,,23,,,,,,,,,,
4-Sep-21,,,,,10,,,,,,,,,,
5-Sep-21,,,,,14,,,,,,,,,,
6-Sep-21,,,,,67,,,,,,,,,,
7-Sep-21,,,,,57,,,,,,,,,,
8-Sep-21,,,,,45,,,,,,,,,,
9-Sep-21,,,,,35,,,,,,,,,,
10-Sep-21,,,,,72,,,,,,,,,,
11-Sep-21,,,,,127,,,,,,,,,,
12-Sep-21,,,,,210,,,,,,,,,,
13-Sep-21,,,,,204,,,,,,,,,,
14-Sep-21,,,,,122,,,,,,,,,,
15-Sep-21,,,,,189,,,,,,,,,,
16-Sep-21,,,,,160,,,,,,,,,,
17-Sep-21,,,,,176,,,,,,,,,,
18-Sep-21,,,,,129,,,,,,,,,,
19-Sep-21,,,,,127,,,,,,,,,,
20-Sep-21,,,,,228,,,,,,,,,,
21-Sep-21,,,,,238,,,,,,,,,,
22-Sep-21,,,,,133,,,,,,,,,,
23-Sep-21,,,,,108,,,,,,,,,,
24-Sep-21,,,,,182,,,,,,,,,,
25-Sep-21,,,,,81,,,,,,,,,,
26-Sep-21,,,,,131,,,,,,,,,,
27-Sep-21,,,,,110,,,,,,,,,,
28-Sep-21,,,,,125,,,,,,,,,,
29-Sep-21,,,,,119,,,,,,,,,,
30-Sep-21,,,,,118,,,,,,,,,,
1-Oct-21,,,,,157,,,,,,,,,,
2-Oct-21,,,,,106,,,,,,,,,,
3-Oct-21,,,,,87,,,,,,,,,,
4-Oct-21,,,,,125,,,,,,,,,,
5-Oct-21,,,,,140,,,,,,,,,,
6-Oct-21,,,,,164,,,,,,,,,,
7-Oct-21,,,,,120,,,,,,,,,,
8-Oct-21,,,,,105,,,,,,,,,,
9-Oct-21,,,,,84,,,,,,,,,,
10-Oct-21,,,,,111,,,,,,,,,,
11-Oct-21,,,,,132,,,,,,,,,,
12-Oct-21,,,,,122,,,,,,,,,,
13-Oct-21,,,,,112,,,,,,,,,,
14-Oct-21,,,,,153,,,,,,,,,,
15-Oct-21,,,,,177,,,,,,,,,,
16-Oct-21,,,,,128,,,,,,,,,,
17-Oct-21,,,,,140,,,,,,,,,,
18-Oct-21,,,,,140,,,,,,,,,,
19-Oct-21,,,,,144,,,,,,,,,,
20-Oct-21,,,,,206,,,,,,,,,,
21-Oct-21,,,,,204,,,,,,,,,,
22-Oct-21,,,,,171,,,,,,,,,,
23-Oct-21,,,,,111,,,,,,,,,,
24-Oct-21,,,,,110,,,,,,,,,,
25-Oct-21,,,,,150,,,,,,,,,,
26-Oct-21,,,,,121,,,,,,,,,,
27-Oct-21,,,,,228,,,,,,,,,,
28-Oct-21,,,,,181,,,,,,,,,,
29-Oct-21,,,,,166,,,,,,,,,,
30-Oct-21,,,,,99,,,,,,,,,,
31-Oct-21,,,,,118,,,,,,,,,,
1-Nov-21,,,,,111,,,,,,,,,,
2-Nov-21,,,,,162,,,,,,,,,,
3-Nov-21,,,,,171,,,,,,,,,,
4-Nov-21,,,,,151,,,,,,,,,,
5-Nov-21,,,,,136,,,,,,,,,,
6-Nov-21,,,,,150,,,,,,,,,,
7-Nov-21,,,,,130,,,,,,,,,,
8-Nov-21,,,,,210,,,,,,,,,,
9-Nov-21,,,,,162,,,,,,,,,,
10-Nov-21,,,,,252,,,,,,,,,,
11-Nov-21,,,,,156,,,,,,,,,,
12-Nov-21,,,,,187,,,,,,,,,,
13-Nov-21,,,,,96,,,,,,,,,,
14-Nov-21,,,,,136,,,,,,,,,,
15-Nov-21,,,,,162,,,,,,,,,,
16-Nov-21,,,,,376,,,,,,,,,,
17-Nov-21,,,,,199,,,,,,,,,,
18-Nov-21,,,,,251,,,,,,,,,,
19-Nov-21,,,,,157,,,,,,,,,,
20-Nov-21,,,,,125,,,,,,,,,,
21-Nov-21,,,,,117,,,,,,,,,,
22-Nov-21,,,,,178,,,,,,,,,,
23-Nov-21,,,,,161,,,,,,,,,,
24-Nov-21,,,,,132,,,,,,,,,,
25-Nov-21,,,,,167,,,,,,,27,,,
26-Nov-21,,,,,297,,,,,,,30,,,
27-Nov-21,,,,,113,,,,,,,23,,,
28-Nov-21,,,,,148,,,,,,,13,,,
29-Nov-21,,,,,172,,,,,,,24,,,
30-Nov-21,,,,,208,,,,,,,20,,,
1-Dec-21,,,,,165,,,,,,,39,,,
2-Dec-21,,,,,137,,,,,,,39,,,
3-Dec-21,,,,,232,,,,,,,44,,,
4-Dec-21,,,,,426,,,,,,,44,,,
5-Dec-21,,,,,143,,,,,,,22,,,
6-Dec-21,,,,,208,,,,,,,32,,,
7-Dec-21,,,,,167,,,,,,,27,,,
8-Dec-21,,,,,143,,,,,,,32,,,
9-Dec-21,,,,,190,,,,,,,106,,,
10-Dec-21,,,,,202,,,,,,,81,,,
11-Dec-21,,,,,134,,,,,,,44,,,
12-Dec-21,,,,,107,,,,,,,38,,,
13-Dec-21,,,,,264,,,,,,,51,,,
14-Dec-21,,,,,164,,,,,,,54,,,
15-Dec-21,,,,,188,,,,,,,56,,,
16-Dec-21,,,,,131,,,,,,,83,,,
17-Dec-21,,,,,177,,,,,,,72,,,
18-Dec-21,,,,,116,,,,,,,42,,,
19-Dec-21,,,,,101,,,,,,,44,,,
20-Dec-21,,,,,149,,,,,,,63,,,
21-Dec-21,,,,,145,,,,,,,59,,,
22-Dec-21,,,,,117,,,,,,,71,,,
23-Dec-21,,,,,172,,,,,,,244,,,
24-Dec-21,,,,,102,,,,,,,676,,,
25-Dec-21,,,,,79,,,,,,,846,,,
26-Dec-21,,,,,91,,,,,,,1133,,,
27-Dec-21,,,,,147,,,,,,,1227,,,
28-Dec-21,,,,,246,,,,,,,1058,,,
29-Dec-21,,,,,200,,,,,,,895,,,
30-Dec-21,,,,,139,,,,,,,937,,,
31-Dec-21,,,,,124,,,,,,,968,,,
1-Jan-22,,,,,70,,,,,,,934,,,
2-Jan-22,,,,,92,,,,,,,303,,,
3-Jan-22,,,,,105,,,,,,,120,,,
4-Jan-22,,,,,117,,,,,,,85,,,
5-Jan-22,,,,,304,,,,,,,174,,,
6-Jan-22,,,,,314,,,,,,,116,,,
7-Jan-22,,,,,429,,,,,,,98,,,
8-Jan-22,,,,,273,,,,,,,65,,,
9-Jan-22,,,,,192,,,,,,,50,,,
10-Jan-22,,,,,316,,,,,,,45,,,
11-Jan-22,,,,,260,,,,,,,38,,,
12-Jan-22,,,,,285,,,,,,,51,,,
13-Jan-22,,,,,276,,,,,,,40,,,
14-Jan-22,,,,,248,,,,,,,34,,,
15-Jan-22,,,,,196,,,,,,,32,,,
16-Jan-22,,,,,157,,,,,,,23,,,
17-Jan-22,,,,,285,,,,,,,45,,,
18-Jan-22,,,,,295,,,,,,,158,,,
19-Jan-22,,,,,270,,,,,,,280,,,
20-Jan-22,,,,,329,,,,,,,183,,,
21-Jan-22,,,,,754,,,,,,,157,,,
22-Jan-22,,,,,478,,,,,,,126,,,
23-Jan-22,,,,,277,,,,,,,116,,,
24-Jan-22,,,,,461,,,,,,,174,,,
25-Jan-22,,,,,343,,,,,,,91,,,
26-Jan-22,,,,,469,,,,,,,89,,,
27-Jan-22,,,,,385,,,,,,,104,,,
28-Jan-22,,,,,331,,,,,,,133,,,
29-Jan-22,,,,,335,,,,,,,119,,,
30-Jan-22,,,,,260,,,,,,,100,,,
31-Jan-22,,,,,367,,,,,,,104,,,
1-Feb-22,,,,,355,,,,,,,138,,,
2-Feb-22,,,,,380,,,,,,,134,,,
3-Feb-22,,,,,334,,,,,,,85,,,
4-Feb-22,,,,,442,,,,,,,106,,,
5-Feb-22,,,,,307,,,,,,,116,,,
6-Feb-22,,,,,236,,,,,,,134,,,
7-Feb-22,,,,,389,,,,,,,192,,,
8-Feb-22,,,,,424,,,,,,,263,,,
9-Feb-22,,1421,,,375,,,,,,,106,,,
10-Feb-22,,1510,,,502,,,,,,,106,,,
11-Feb-22,,1507,,,529,,,,,,,139,,,
12-Feb-22,,1554,,,384,,,,,,,104,,,
13-Feb-22,,1079,,,305,,,,,,,99,,,
14-Feb-22,,1302,,,372,,,,,,,87,,,
15-Feb-22,,1632,,,450,,,,,,,109,,,
16-Feb-22,,1370,,,372,,,,,,,88,,,
17-Feb-22,,1334,,,217,,,,,,,106,,,
18-Feb-22,,1515,,,194,,,,,,,96,,,
19-Feb-22,,1239,,,253,,,,,,,80,,,
20-Feb-22,,1272,,,389,,,,,,,99,,,
21-Feb-22,,1491,,,478,,,,,,,100,,,
22-Feb-22,,1679,,,415,,,,,,,108,,,
23-Feb-22,,1355,,,403,,,,,,,117,,,
24-Feb-22,,2001,,,678,,,,,,,129,,,
25-Feb-22,,1646,,,418,,,,,,,107,,,
26-Feb-22,,1344,,,297,,,,,,,106,,,
27-Feb-22,,1128,,,356,,,,,,,88,,,
28-Feb-22,,1374,,,455,,,,,,,112,,,
1-Mar-22,,1991,,,445,,,,,,,127,,,
2-Mar-22,,1469,,,363,,,,,,,87,,,
3-Mar-22,,1354,,,424,,,,,,,120,,,
4-Mar-22,,1628,,,474,,,,,,,132,,,
5-Mar-22,,1475,,,300,,,,,,,103,,,
6-Mar-22,,1128,,,314,,,,,,,128,,,
7-Mar-22,,1412,,,416,,,,,,,126,,,
8-Mar-22,,1523,,,337,,,,,,,107,,,
9-Mar-22,,1667,,,461,,,,,,,130,,,
10-Mar-22,,1634,,,426,,,,,,,124,,,
11-Mar-22,,1403,,,394,,,,,,,1621,,,
12-Mar-22,,1180,,,215,,,,,,,88,,,
13-Mar-22,,1069,,,325,,,,,,,103,,,
14-Mar-22,,1635,,,372,,,,,,,122,,,
15-Mar-22,,1645,,,331,,,,,,,115,,,
16-Mar-22,,1805,,,414,,,,,,,118,,,
17-Mar-22,,1829,,,359,,,,,,,113,,,
18-Mar-22,,1650,,,421,,,,,,,124,,85,
19-Mar-22,,1876,,,318,,,,,,,117,,49,
20-Mar-22,,1612,,,320,,,,,,,103,,44,
21-Mar-22,,1809,,,327,,,,,,,128,,42,
22-Mar-22,,2225,,,371,,,,,,,134,,40,
23-Mar-22,,2017,,,324,,,,,,,144,,37,
24-Mar-22,,2176,,,362,,,,,,,178,,54,
25-Mar-22,,2292,,,365,,,,,,,155,,49,
26-Mar-22,,1740,,,216,,,,,,,119,,28,
27-Mar-22,,1579,,,374,,,,,,,131,,81,
28-Mar-22,,2647,,,486,,,,,,,190,,111,
29-Mar-22,,2351,,,431,,,,,,,204,,113,
30-Mar-22,,2108,,,429,,,,,,,177,,73,
31-Mar-22,,2099,,,536,,,,,,,183,,72,
1-Apr-22,,2440,,,538,,,,,,,170,,75,
2-Apr-22,,2201,,,385,,,,,,,163,,59,
3-Apr-22,,1820,,,344,,,,,,,148,,44,
4-Apr-22,,1895,,,446,,,,,,,166,,57,
5-Apr-22,,2078,,,383,,,,,,,158,,63,
6-Apr-22,,2472,,,660,,,,,,,213,,84,
7-Apr-22,,2181,,,436,,,,,,,176,,46,
8-Apr-22,,1747,,,394,,,,,,,193,,41,
9-Apr-22,,1800,,,247,,,,,,,134,,38,
10-Apr-22,,1260,,,257,,,,,,,136,,39,
11-Apr-22,,2445,,,654,,,,,,,236,,86,
12-Apr-22,,2366,,,413,,,,,,,184,,60,
13-Apr-22,,1858,,,395,,,,,,,194,,77,
14-Apr-22,,1725,,,400,,,,,,,239,,170,
15-Apr-22,,1623,,,282,,,,,,,159,,57,
16-Apr-22,,1121,,,250,,,,,,,126,,50,
17-Apr-22,,1184,,,303,,,,,,,159,,50,
18-Apr-22,,2009,,,559,,,,,,,204,,88,
19-Apr-22,,1959,,,414,,,,,,,216,,88,
20-Apr-22,,1924,,,347,,,,,,,255,,168,
21-Apr-22,,1821,,,503,,,,,,,250,,128,
22-Apr-22,,1937,,,373,,,,,,,203,,88,
23-Apr-22,,1468,,,222,,,,,,,183,,53,
24-Apr-22,,1274,,,282,,,,,,,271,,40,
25-Apr-22,,2108,,,577,,,,,,,287,,147,
26-Apr-22,,1920,,,460,,,,,,,246,,123,
27-Apr-22,,2048,,,415,,,,,,,220,,206,
28-Apr-22,,1323,,,539,,,,,,,235,,273,
29-Apr-22,,1393,,,550,,,,,,,261,,384,
30-Apr-22,,1393,,,545,,,,,,,273,,311,
1-May-22,,1718,,,373,,,,,,,227,,165,
2-May-22,,1423,,,443,,,,,,,186,,182,
3-May-22,,1517,,,422,,,,,,,177,,190,
4-May-22,,1561,,,665,,,,,,,258,,249,
5-May-22,,1766,,,748,,,,,,,326,,224,
6-May-22,,2188,,,639,,,,,,,313,,214,
7-May-22,,1248,,,545,,,,,,,287,,141,
8-May-22,,1804,,,803,,,,,,,336,,213,
9-May-22,,2226,,,1128,,,,,,,448,,264,
10-May-22,,2962,,,791,,,,,,,325,,177,
11-May-22,,2744,,,1000,,,,,,,515,,229,
12-May-22,,2904,,,945,,,,,,,360,,180,
13-May-22,,1766,,,639,,,,,,,259,,145,
14-May-22,,1309,,,487,,,,,,,213,,101,
15-May-22,,1169,,,476,,,,,,,216,,113,
16-May-22,,1573,,,559,,,,,,,299,,106,
17-May-22,,1538,,,524,,,,,,,249,,78,
18-May-22,,1476,,,600,,,,,,,271,,113,
19-May-22,,1660,,,587,,,,,,,307,,126,
20-May-22,,1375,,,556,,,,,,,265,,111,
21-May-22,,1253,,,366,,,,,,,285,,65,
22-May-22,,1043,,,474,,,,,,,270,,74,
23-May-22,,1388,,,589,,,,,,,319,,125,
24-May-22,,1712,,,513,,,,,,,288,,96,
25-May-22,,1472,,,435,,,,,,,217,,109,
26-May-22,,1906,,,820,,,,,,,324,,130,
27-May-22,,1534,,,657,,,,,,,387,,101,
28-May-22,,1295,,,465,,,,,,,295,,105,
29-May-22,,1067,,,404,,,,,,,225,,121,
30-May-22,,1429,,,715,,,,,,,325,,173,
31-May-22,,1648,,,588,,,,,,,274,,132,
1-Jun-22,,1479,,,780,,,,,,,331,,179,
2-Jun-22,,1708,,,636,,,,,,,290,,193,
3-Jun-22,,1310,,,642,,,,,,,255,,245,
4-Jun-22,,1120,,,510,,,,,,,262,,150,
5-Jun-22,,881,,,515,,,,,,,232,,155,
6-Jun-22,,1508,,,842,,,,,,,330,,263,
7-Jun-22,,1845,,,904,,,,,,,372,,216,
8-Jun-22,,1347,,,558,,,,,,,233,,164,
9-Jun-22,,1022,,,451,,,,,,,239,,129,
10-Jun-22,,1335,,,896,,,,,,,319,,204,
11-Jun-22,,1778,,,964,,,,,,,442,,282,
12-Jun-22,,1671,,,965,,,,,,,372,,235,
13-Jun-22,,2332,,,1349,,,,,,,508,,334,
14-Jun-22,,2002,,,936,,,,,,,331,,218,
15-Jun-22,,2004,,,1105,,,,,,,312,,230,
16-Jun-22,,1853,,,830,,,,,,,214,,200,
17-Jun-22,,1435,,,690,,,,,,,187,,147,
18-Jun-22,,1669,,,1204,,,,,,,338,,244,
19-Jun-22,,1903,,,878,,,,,,,247,,186,
20-Jun-22,,1745,,,767,,,,,,,206,,204,
21-Jun-22,,1560,,,705,,,,,,,210,,185,
22-Jun-22,,1540,,,730,,,,,,,186,,204,
23-Jun-22,,1307,,,678,,,,,,,197,,162,
24-Jun-22,,1469,,,849,,,,,,,228,,206,
25-Jun-22,,1310,,,593,,,,,,,196,,163,
26-Jun-22,,1168,,,602,,,,,,,177,,149,
27-Jun-22,,1249,,,1198,,,,,,,163,,156,
28-Jun-22,,1362,,,6469,,,,,,,180,,165,
29-Jun-22,,1589,,,9540,,,,,,,160,,175,
30-Jun-22,,1666,,,2971,,,,,,,210,,185,
1-Jul-22,,1484,,,1566,,,,,,,178,,142,
2-Jul-22,,1093,,,1067,,,,,,,130,,89,
3-Jul-22,,965,,,1390,,,,,,,202,,122,
4-Jul-22,,1205,,,1800,,,,,,,165,,173,
5-Jul-22,,1718,,,1233,,,,,,,188,,173,
6-Jul-22,,1507,,,1051,,,,,,5,171,,139,
7-Jul-22,,1555,,,1391,,,,,,8,198,,200,
8-Jul-22,,1824,,,1160,,,,,,5,171,,195,
9-Jul-22,,1187,,,632,,,,,,3,128,,99,
10-Jul-22,,1221,,,896,,,,,,3,143,,118,
11-Jul-22,,1387,,,1069,,,,,,4,176,,176,
12-Jul-22,,1686,,,1129,,,,,,6,180,,182,
13-Jul-22,,1795,,,1262,,,,,,5,213,,196,
14-Jul-22,,1686,,,1149,,,,,,3,197,,206,
15-Jul-22,,1805,,,1067,,,,,,6,183,,185,
16-Jul-22,,1424,,,1240,,,,,,,196,,224,
17-Jul-22,,1805,,,919,,,,,,4,179,,167,
18-Jul-22,,1922,,,1955,,,,,,5,284,,262,
19-Jul-22,,2049,,,1312,,,,,,3,242,,240,
20-Jul-22,,1859,,,1305,,,,,,5,225,,222,
21-Jul-22,,1968,,,1107,,,,,,5,207,,233,
22-Jul-22,,1796,,,1134,,,,,,6,207,,191,
23-Jul-22,,1552,,,837,,,,,,2,160,,138,
24-Jul-22,,1427,,,868,,,,,,3,145,,135,
25-Jul-22,,1625,,,1138,,,,,,3,222,,189,
26-Jul-22,,1876,,,1174,,,,,,8,252,,195,
27-Jul-22,,1700,,,1313,,,,,,2,259,,192,
28-Jul-22,,2161,,,1549,,,,,,4,280,,286,
29-Jul-22,,2133,,,1148,,,,,,5,261,,226,
30-Jul-22,,1470,,,930,,,,,,2,226,,168,
31-Jul-22,,1363,,,815,,,,,,3,212,,178,
1-Aug-22,,1607,,,1061,,,,,,6,234,,172,
2-Aug-22,,1867,,,1158,,,,,,19,242,,179,
3-Aug-22,,1794,,,1008,,,,,,21,273,,194,
4-Aug-22,,1655,,,965,,,,,,19,326,,150,
5-Aug-22,,1817,,,1111,,,,,,20,307,,148,
6-Aug-22,,1435,,,761,,,,,,6,219,,117,
7-Aug-22,,1231,,,831,,,,,,8,222,,110,
8-Aug-22,,1880,,,1401,,,,,,25,327,,197,
9-Aug-22,,1832,,,1190,,,,,,30,282,,160,
10-Aug-22,,2120,,,1598,,,,,,35,335,,229,
11-Aug-22,,2121,,,1513,,,,,,37,379,,222,
12-Aug-22,,1591,,,1245,,,,,,14,319,,176,
13-Aug-22,,1915,,,1317,,,,,,24,279,,191,
14-Aug-22,,1393,,,1184,,,,,,19,219,,172,
15-Aug-22,,1797,,,1450,,,,,,21,280,,188,
16-Aug-22,,1609,,,1111,,,,,,19,227,,214,
17-Aug-22,,1884,,,1631,,,,,,22,297,,242,
18-Aug-22,,1634,,,1037,,,,,,17,247,,163,
19-Aug-22,,2384,,,2081,,,,,,37,387,,322,
20-Aug-22,,1724,,,1278,,,,,,28,276,,160,
21-Aug-22,,1686,,,1008,,,,,,35,205,,108,
22-Aug-22,,1558,,,1128,,,,,,29,218,,128,
23-Aug-22,,1646,,,1221,,,,,,30,208,,119,
24-Aug-22,,1465,,,1213,,,,,,33,203,,118,
25-Aug-22,,1594,,,1139,,,,,,37,180,,116,
26-Aug-22,,1651,,,1916,,,,,,30,319,,206,
27-Aug-22,,2097,,,1551,,,,,,27,278,,128,
28-Aug-22,,1360,,,1297,,,,,,35,217,,117,
29-Aug-22,,1678,,,1691,,,,,,47,263,,142,
30-Aug-22,,1846,,,1723,,,,,,47,231,,119,
31-Aug-22,,1703,,,1485,,,,,,45,208,,102,
1-Sep-22,,1389,,,1354,,,,,,47,192,,96,
2-Sep-22,,1577,,,1613,,,,,,35,208,,117,
3-Sep-22,,2474,,,1113,,,,,,25,136,,58,
4-Sep-22,,2418,,,934,,,,,,22,147,,236,
5-Sep-22,,2288,,,1377,,,,,,26,205,,279,
6-Sep-22,,2130,,,2464,,,,,,49,320,,349,
7-Sep-22,,2021,,,1931,,,,,,35,288,,289,
8-Sep-22,,1639,,,1308,,,,,,39,215,,197,
9-Sep-22,,1898,,,2030,,,,,,40,282,,208,
10-Sep-22,,1348,,,1491,,,,,,30,225,,170,
11-Sep-22,,1300,,,1293,,,,,,28,217,,182,
12-Sep-22,,1524,,,1772,,,,,,31,273,,223,
13-Sep-22,,2032,,,2532,,,,,,55,296,,267,
14-Sep-22,,1840,,,1697,,,,,,32,254,,172,
15-Sep-22,,1829,,,2393,,,,,,45,290,,212,
16-Sep-22,,1718,,,1701,,,,,,36,252,,181,
17-Sep-22,,1372,,,1214,,,,,,22,200,,107,
18-Sep-22,,1155,,,1773,,,,,,36,330,,141,
19-Sep-22,,2026,,,1924,,,,,,42,400,,190,
20-Sep-22,,1441,,,1322,,,,,,33,282,,153,
21-Sep-22,,1330,,,2341,,,,,,45,1001,,557,
22-Sep-22,,1945,,,2207,,,,,,38,1058,,675,
23-Sep-22,,1540,,,1917,,,,,,37,1167,,679,
24-Sep-22,,1267,,,1193,,,,,,17,1008,,750,
25-Sep-22,,989,,,1202,,,,,,20,1121,,730,
26-Sep-22,,1339,,,1515,,,,,,25,1113,,790,
27-Sep-22,,1625,,,2130,,,,,,38,1014,,766,
28-Sep-22,,1732,,,1751,,,,,,29,1160,,848,
29-Sep-22,,1380,,,1483,,,,,,24,1081,,755,
30-Sep-22,,1297,,,1487,,,,,,24,991,,572,
1-Oct-22,,1185,,,1073,,,,,,22,1133,,777,
2-Oct-22,,1037,,,1283,,,,,,28,1032,,848,
3-Oct-22,,1229,,,1453,,,,,,27,879,,606,
4-Oct-22,,1407,,,1703,,,,,,29,1114,,778,
5-Oct-22,,1360,,,1499,,,,,,19,1018,,700,
6-Oct-22,,1394,,,1412,,,,,,28,1072,,811,
7-Oct-22,,1319,,,1533,,,,,,32,1026,,848,
8-Oct-22,,1049,,,980,,,,,,19,966,,805,
9-Oct-22,,1027,,,789,,,,,,15,572,,680,
10-Oct-22,,1138,,,1301,,,,,,26,538,,452,
11-Oct-22,,1463,,,1564,,,,,,27,641,,480,
12-Oct-22,,1204,,,1050,,,,,,19,684,,543,
13-Oct-22,,1870,,,2343,,,,,,40,1028,,630,
14-Oct-22,,1723,,,1423,,,,,,33,743,,520,
15-Oct-22,,1154,,,873,,,,,,20,675,,446,
16-Oct-22,,861,,,785,,,,,,20,647,,595,
17-Oct-22,,1256,,,1120,,,,,,28,878,,544,
18-Oct-22,,1312,,,1213,,,,,,28,738,,406,
19-Oct-22,,1336,,,926,,,,,,27,696,,433,
20-Oct-22,,1287,,,1171,,,,,,37,820,,482,
21-Oct-22,,1395,,,1299,,,,,,28,855,,604,
22-Oct-22,,1095,,,968,,,,,,24,858,,592,
23-Oct-22,,833,,,1365,,,,,,29,1122,,756,
24-Oct-22,,1469,,,1603,,,,,,34,1113,,711,
25-Oct-22,,1208,,,2712,,,,,,42,1415,,924,
26-Oct-22,,2087,,,2335,,,,,,49,1539,,860,
27-Oct-22,,1457,,,1781,,,,,,42,1300,,921,
28-Oct-22,,1617,,,1668,,,,,,40,1354,,826,
29-Oct-22,,1590,,,1796,,,,,,36,1270,,813,
30-Oct-22,,1442,,,1285,,,,,,42,1312,,771,
31-Oct-22,,1495,,,1568,,,,,,36,1035,,653,
1-Nov-22,,1518,,,1223,,,,,,31,1504,,798,
2-Nov-22,,1436,,,2125,,,,,,39,1668,,810,
3-Nov-22,,1821,,,1399,,,,,,33,1312,,737,
4-Nov-22,,1766,,,2083,,,,,,39,1407,,891,
5-Nov-22,,1644,,,1296,,,,,,26,2001,,979,
6-Nov-22,,1295,,,1374,,,,,,34,2195,,948,
7-Nov-22,,1759,,,1757,,,,,,40,1931,,1037,
8-Nov-22,,2353,,,3775,,,,,,72,1702,,706,
9-Nov-22,,3219,,,3792,,,,,,78,1438,,915,
10-Nov-22,,2999,,,2900,,,,,,65,966,,786,
11-Nov-22,,2295,,,2345,,,,,,55,1670,,810,
12-Nov-22,,1927,,,1580,,,,,,34,1764,,904,
13-Nov-22,,1621,,,1695,,,,,,37,1987,,1028,
14-Nov-22,,2296,,,2453,,,,,,59,1799,,1131,
15-Nov-22,,2105,,,1901,,,,,,45,1963,,1114,
16-Nov-22,,2190,,,2277,,,,,,36,1743,,999,
17-Nov-22,,2071,,,1713,,,,,,48,2073,,1133,
18-Nov-22,,1916,,,1625,,,,,,36,2086,,1231,
19-Nov-22,,1481,,,1251,,,,,,20,2968,,1076,
20-Nov-22,,1800,,,2186,,,,,,43,2520,,1367,
21-Nov-22,,2501,,,2757,,,,,,67,2476,,1475,
22-Nov-22,,2767,,,2208,,,,,,54,2140,,1620,
23-Nov-22,,2506,,,2185,,,,,,60,2822,,1277,
24-Nov-22,,2215,,,1550,,,,,,54,3405,,1075,
25-Nov-22,,1735,,,1737,,,,,,44,2616,,1210,
26-Nov-22,,1808,,,1526,,,,,,38,2686,,1160,
27-Nov-22,,1488,,,1019,,,,,,27,2464,,1039,
28-Nov-22,,2105,,,1779,,,,,,56,2221,,1138,
29-Nov-22,,2137,,,1615,,,,,,52,2156,,1093,
30-Nov-22,,2378,,,2441,,,,,,69,2527,,1082,
1-Dec-22,,2361,,,1369,,,,,,52,2257,,1162,
2-Dec-22,,1921,,,1251,,,,,,46,2250,,1220,
3-Dec-22,,1697,,,1457,,,,,,48,2718,,1196,
4-Dec-22,,1554,,,988,,,,,,54,2481,,1062,
5-Dec-22,,2114,,,1650,,,,,,44,2998,,1337,
6-Dec-22,,2044,,,1170,,,,,,46,2864,,1476,
7-Dec-22,,2191,,,1437,,,,,,50,3188,,1796,
8-Dec-22,,1624,,,1582,,,,,,52,4308,,1929,
9-Dec-22,,2133,,,4518,,,,,3,50,3524,,1834,
10-Dec-22,,1392,,,2891,,,,,3,32,3301,,1783,
11-Dec-22,,1142,,,1431,,,,,1,43,3310,,1890,
12-Dec-22,,1975,,,1723,,,,,2,50,4052,,1656,
13-Dec-22,,2640,,,2375,,,,,4,66,5119,,2088,
14-Dec-22,,2073,,,1962,,,,,2,47,6744,,2375,
15-Dec-22,,2496,,,1657,,,,,3,59,4748,,1840,
16-Dec-22,,2550,,,2436,,,,,2,67,5540,,2454,
17-Dec-22,,2421,,,1282,,,,,1,61,6491,,2018,
18-Dec-22,,1449,,,844,,,,,1,40,5140,,1731,
19-Dec-22,,1499,,,1396,,,,,3,41,4494,,1580,
20-Dec-22,,2340,,,1592,,,,,1,40,5228,,1939,
21-Dec-22,,1763,,,964,,,,,1,29,4551,,1880,
22-Dec-22,,1588,,,1332,,,,,,34,5181,,2052,
23-Dec-22,,1920,,,998,,,,,2,28,5031,,2270,
24-Dec-22,,1198,,,609,,,,,3,22,5093,,1347,
25-Dec-22,,1167,,,716,,,,,,20,5818,,1449,
26-Dec-22,,1267,,,758,,,,,6,24,5855,,1685,
27-Dec-22,,1459,,,1429,,,,,6,29,6264,,1877,
28-Dec-22,,1854,,,2166,,,,,6,36,6301,,1543,
29-Dec-22,,1753,,,1782,,,,,8,32,6017,,1413,
30-Dec-22,,1794,,,1678,,,,,8,32,5986,,1413,
31-Dec-22,,1501,,,746,,,,,7,15,3823,,1854,
1-Jan-23,,1166,,,581,,,,,3,22,4302,,1411,
2-Jan-23,,1705,,,1040,,,,,4,36,3789,,1698,
3-Jan-23,,1683,,,874,,,,,3,46,6172,,2169,
4-Jan-23,,2310,,,1579,,,,,13,49,5597,,3161,
5-Jan-23,,2017,,,897,,,,,11,55,6140,,3007,
6-Jan-23,,1875,,,1179,,,,,18,68,8554,,4005,
7-Jan-23,,1933,,,614,,,,,18,72,13109,,4677,
8-Jan-23,,1278,,,891,,,,,14,57,8357,,5353,
9-Jan-23,,2656,,,1919,,,,,23,78,8406,,5824,
10-Jan-23,,2243,,,1194,,,,,23,90,5722,,4960,
11-Jan-23,,1948,,,1716,,,,,22,67,7299,,4169,
12-Jan-23,,3123,,,2402,,,,,32,89,8742,,4655,
13-Jan-23,,2707,,,1851,,,,,21,77,8663,,2402,
14-Jan-23,,3558,,,2538,,,,,32,91,6605,,3767,
15-Jan-23,,1969,,,1303,,,,,31,56,7380,,3337,
16-Jan-23,,2283,,,1843,,,,,34,85,7070,,2148,
17-Jan-23,,2362,,,1556,,,,,40,172,5268,,970,
18-Jan-23,,2209,,,2248,,,,,73,115,405,,266,
19-Jan-23,,2883,,,1421,,,,,106,79,722,,167,
20-Jan-23,,2037,,,2112,,,,,89,93,436,,236,
21-Jan-23,,3120,,,1850,,,,,90,81,363,,243,
22-Jan-23,,2176,,,1398,,,,,75,89,279,,165,
23-Jan-23,,2432,,,1282,,,,,66,66,259,,157,
24-Jan-23,,2192,,,1535,,,,,89,95,322,,195,
25-Jan-23,,2698,,,1838,,,,,71,113,759,,225,
26-Jan-23,,2715,,,1264,,,,,66,124,388,,183,
27-Jan-23,,2360,,,1500,,,,,51,91,290,,152,
28-Jan-23,,2367,,,958,,,,,40,85,252,,110,
29-Jan-23,,2086,,,1587,,,,,56,106,293,,158,
30-Jan-23,,2701,,,1742,,,,,66,119,765,,176,
31-Jan-23,,2562,,,1257,,,,,61,2435,3535,,150,
1-Feb-23,,2126,,,1846,,,,,46,3476,1668,,247,
2-Feb-23,,3237,,,2233,,,,,66,1230,931,,269,
3-Feb-23,,2808,,,1631,,,,,70,703,534,,171,
4-Feb-23,,2133,,,1300,,,,,74,142,543,,137,
5-Feb-23,,2061,,,1668,,,,,74,170,512,,189,
6-Feb-23,,2393,,,1706,,,,,67,179,489,,180,
7-Feb-23,,2236,,,2073,,,,,50,159,578,,174,
8-Feb-23,,2583,,,2037,,,,,70,164,626,,219,
9-Feb-23,,2581,,,2679,,,,,94,219,663,,361,
10-Feb-23,,3252,,,2270,,,,,107,168,537,,259,
11-Feb-23,,2143,,,1472,,,,,98,136,449,,186,
12-Feb-23,,1667,,,1508,,,,,86,153,435,,170,
13-Feb-23,,2529,,,2223,,,,,121,206,503,,292,
14-Feb-23,,2506,,,2070,,,,,88,189,363,,246,
15-Feb-23,,2494,,,2390,,,,,133,158,420,,354,
16-Feb-23,,3125,,,2822,,,,,179,200,546,,360,
17-Feb-23,,2963,,,2435,,,,,173,174,385,,306,
18-Feb-23,,2426,,,1629,,,,,128,116,340,,212,
19-Feb-23,,1916,,,1945,,,,,85,132,378,,217,
20-Feb-23,,2586,,,2486,,,,,130,164,383,,256,
21-Feb-23,,2495,,,2527,,,,,128,155,354,,276,
22-Feb-23,,2744,,,2721,,,,,114,181,362,,290,
23-Feb-23,,2662,,,2409,,,,,98,142,309,,286,
24-Feb-23,,2024,,,2241,,,,,70,161,436,,300,
25-Feb-23,,2678,,,1804,,,,,106,144,342,,263,
26-Feb-23,,1996,,,1637,,,,,72,122,304,,206,
27-Feb-23,,2219,,,1676,,,,,73,117,321,,268,
28-Feb-23,,2061,,,1672,,,,,65,111,476,,274,
1-Mar-23,,2338,,,1724,,,,,71,164,432,,306,
2-Mar-23,,2145,,,1850,,,,,71,123,405,,338,
3-Mar-23,,2950,,,2648,,,,,100,164,458,,462,
4-Mar-23,,1751,,,1164,,,,,81,105,236,,291,
5-Mar-23,,1768,,,1361,,,,,65,86,215,,326,
6-Mar-23,,1596,,,1427,,,,,59,95,365,,312,
7-Mar-23,,1915,,,1763,,,,,68,130,442,,393,
8-Mar-23,,2466,,,2301,,,,,82,107,346,,415,2
9-Mar-23,,2428,,,3113,,,,,102,165,571,,517,2
10-Mar-23,,3695,,,3132,,,,,135,172,532,,478,
11-Mar-23,,2723,,,1797,,,,,94,147,307,,393,
12-Mar-23,,1870,,,2288,,,,,75,156,332,,434,
13-Mar-23,,3040,,,2992,,,,,123,200,408,,650,
14-Mar-23,,3143,,,3031,,,,,120,208,516,,618,
15-Mar-23,,2747,,,2165,,,,,114,184,348,,506,
16-Mar-23,,2454,,,1937,,,,,102,214,305,,395,
17-Mar-23,,2606,,,2764,,,,,104,202,403,,490,
18-Mar-23,,2706,,,2001,,,,,109,171,363,,396,
19-Mar-23,,2165,,,1866,,,,,94,124,307,,391,
20-Mar-23,,2761,,,2113,,,,,100,163,317,,451,
21-Mar-23,,2513,,,1870,,,,,80,177,308,,385,
22-Mar-23,,2278,,,2609,,,,,109,243,314,,495,
23-Mar-23,,2977,,,2015,,,,,113,206,284,,380,2
24-Mar-23,,2540,,,1814,,,,,92,244,240,,355,2
25-Mar-23,,2012,,,1365,,,,,76,192,215,,222,
26-Mar-23,,1901,,,1369,,,,,60,206,214,,237,
27-Mar-23,,1974,,,2052,,,,,77,267,306,,545,
28-Mar-23,,2601,,,1745,,,,,110,280,300,,1283,
29-Mar-23,,2518,,,1965,,,,,85,258,293,,1093,
30-Mar-23,,2182,,,1905,,,,,86,298,275,,1073,
31-Mar-23,,2250,,,1674,,,,,85,269,322,,888,
1-Apr-23,,1907,,,978,,,,,73,187,200,,798,
2-Apr-23,,1547,,,1411,,,,,69,261,242,,880,
3-Apr-23,,2125,,,1705,,,,,93,317,341,,956,
4-Apr-23,,2660,,,1784,,,,,105,250,770,,925,2
5-Apr-23,,2585,,,1992,,,,,94,269,374,,679,
6-Apr-23,,2208,,,1431,,,,,94,229,1738,,515,2
7-Apr-23,,1953,,,1091,,,,,79,187,406,,418,4
8-Apr-23,,1384,,,804,,,,,75,144,1288,,324,2
9-Apr-23,,1478,,,1158,,,,,72,179,220,,355,2
10-Apr-23,,1618,,,1815,,,,,92,237,302,,456,71
11-Apr-23,,2840,,343,2050,,,,,127,271,337,,503,60
12-Apr-23,,2417,,471,2194,,,,,101,274,300,,526,59
13-Apr-23,,2500,,479,2307,,,,,108,312,352,,683,49
14-Apr-23,,2729,,571,2573,,,,,130,382,406,,693,62
15-Apr-23,,2034,,298,1068,,,,,99,259,247,,442,25
16-Apr-23,,1488,,318,1303,,,,,89,239,274,,458,33
17-Apr-23,,2351,,479,1797,,,,,117,271,335,,578,30
18-Apr-23,,2196,,456,1540,,,,,91,317,716,,614,12
19-Apr-23,,2664,,510,2341,,,,,150,328,326,,948,7
20-Apr-23,,2368,,462,1850,,,,,121,288,286,,1049,7
21-Apr-23,,2325,,454,2144,,,,,115,302,333,,832,6
22-Apr-23,,2271,,246,1202,,,,,110,213,221,,460,5
23-Apr-23,,1486,,257,968,,,,,86,240,250,,465,6
24-Apr-23,,1718,,360,1429,,,,,89,243,259,,499,8
25-Apr-23,,1783,,423,1447,,,,,93,262,245,,514,7
26-Apr-23,,2508,,482,2303,,,,,128,346,293,,853,82
27-Apr-23,,2396,,361,1431,,,,,111,277,215,,531,96
28-Apr-23,,1771,,309,1046,,,,,117,237,220,,504,135
29-Apr-23,,1378,,163,621,,,,,73,167,168,,316,80
30-Apr-23,,1184,,206,950,,,,,64,189,186,,434,98
1-May-23,,1956,,377,1500,,,,,112,288,246,,577,95
2-May-23,,1821,,313,1066,,,,,108,203,204,,443,84
3-May-23,,1594,,365,1191,,37,,,84,256,212,,423,92
4-May-23,,1903,,315,960,,49,,,77,217,205,,436,95
5-May-23,,1753,,333,1376,,86,,,69,277,234,,517,109
6-May-23,,2074,,254,1330,,92,,,90,278,257,,515,104
7-May-23,,1576,,188,735,,98,,,79,175,184,,302,68
8-May-23,,2019,,398,1652,,173,,,98,348,298,,614,97
9-May-23,,2025,,309,861,4,179,,,76,204,214,,349,72
10-May-23,,1653,,434,1473,2,136,,1,77,319,247,,486,101
11-May-23,,2072,,387,1367,2,166,,1,89,278,284,,520,89
12-May-23,,2184,,390,1642,9,174,,1,82,292,301,,496,114
13-May-23,,1683,,184,660,3,172,,,60,162,182,,270,76
14-May-23,,1110,,155,649,7,153,,,40,181,158,,237,60
15-May-23,,1620,,318,1045,14,202,,0,51,220,210,,367,83
16-May-23,,1575,,326,824,8,656,,,52,190,193,,317,94
17-May-23,,1568,,356,980,15,645,,8,45,240,226,,435,99
18-May-23,,1662,,330,968,22,548,,9,44,239,215,40,364,102
19-May-23,,1605,,281,645,16,346,,6,44,149,189,32,711,78
20-May-23,,1107,,141,461,10,471,,2,23,116,161,36,792,69
21-May-23,,1054,,146,588,9,1105,,2,33,142,185,56,602,84
22-May-23,,1425,,288,704,14,1057,,1,48,149,204,60,500,129
23-May-23,,1621,,316,1062,14,550,,7,55,198,228,77,559,191
24-May-23,,1864,,379,1300,11,467,,5,68,231,233,89,558,191
25-May-23,,1672,,327,1019,10,398,,10,86,182,219,85,426,127
26-May-23,,1493,,288,799,16,267,,3,57,174,193,89,358,107
27-May-23,,1158,,128,455,17,179,,2,64,119,170,73,285,91
28-May-23,,1348,,221,1178,18,263,,1,75,201,224,77,447,124
29-May-23,,1920,,289,1014,36,264,,1,88,192,214,84,419,104
30-May-23,,1589,,317,741,31,212,,4,67,176,204,74,435,93
31-May-23,,1814,,278,1126,42,367,,15,67,238,246,98,475,104
1-Jun-23,,1575,,266,879,23,424,,16,69,178,203,87,325,85
2-Jun-23,,1521,,298,838,16,263,,14,77,197,193,80,342,83
3-Jun-23,,1275,,134,489,28,288,,12,43,127,169,63,277,72
4-Jun-23,,1141,,153,563,15,290,,11,41,138,179,56,206,74
5-Jun-23,,1520,,396,1865,20,439,,17,64,345,343,168,321,131
6-Jun-23,,2566,,380,1419,30,403,,9,132,304,682,88,88,106
7-Jun-23,,2018,,357,1121,42,308,,18,88,275,1530,74,394,123
8-Jun-23,,1622,,279,814,63,181,,20,83,190,1018,65,323,88
9-Jun-23,,1339,,282,648,37,163,,26,63,171,243,66,341,87
10-Jun-23,,2582,,302,2039,39,258,,7,97,372,592,162,631,93
11-Jun-23,,1485,,187,723,38,89,,22,53,169,199,69,292,57
12-Jun-23,,1521,,326,835,114,95,,25,81,215,243,99,403,76
13-Jun-23,,1635,,362,913,162,101,,30,88,232,1162,72,398,84
14-Jun-23,,1283,,385,1785,170,251,,36,58,249,860,196,518,98
15-Jun-23,,2356,,341,1353,117,267,,37,138,281,382,111,458,97
16-Jun-23,,1708,,321,1167,109,148,,33,84,267,298,103,405,96
17-Jun-23,,1864,,204,825,140,448,,32,106,210,286,95,343,88
18-Jun-23,,1117,,167,562,134,354,,8,65,160,266,81,263,78
19-Jun-23,,1319,,260,866,129,315,,31,59,206,276,90,347,95
20-Jun-23,,1645,,356,1441,143,294,,35,75,316,236,106,480,135
21-Jun-23,,2459,,370,1996,118,308,,30,134,396,287,217,629,148
22-Jun-23,,2385,,333,1383,131,145,,21,144,437,240,234,521,136
23-Jun-23,,1520,,329,1480,147,203,,27,94,360,209,209,492,173
24-Jun-23,,2028,,190,772,157,531,,9,94,265,188,183,373,130
25-Jun-23,,1611,,209,901,314,322,,20,79,256,235,172,399,129
26-Jun-23,,1667,,315,1153,304,159,,10,96,315,221,187,442,193
27-Jun-23,,1879,,291,1002,296,93,,25,86,272,201,191,452,181
28-Jun-23,,1813,,300,1212,203,166,,32,115,275,250,240,481,171
29-Jun-23,,2001,,260,897,255,481,,5,112,220,212,220,417,205
30-Jun-23,,2243,,341,1550,206,501,,29,185,357,258,253,596,235
1-Jul-23,,1941,,156,690,266,122,,29,120,179,216,213,357,160
2-Jul-23,,1283,,195,783,415,158,,22,152,198,221,217,374,177
3-Jul-23,,1834,,265,1126,444,696,,23,225,272,240,229,479,273
4-Jul-23,,1911,,271,851,550,788,,25,230,182,203,226,437,206
5-Jul-23,,1939,,286,1088,381,448,,27,186,262,221,230,533,215
6-Jul-23,,2172,,326,1422,433,168,,22,193,324,238,236,646,230
7-Jul-23,,1900,,271,922,332,99,,22,219,244,209,231,495,204
8-Jul-23,,1349,,123,568,406,91,,12,154,198,192,216,466,168
9-Jul-23,,1190,,116,484,436,80,,15,134,116,174,211,436,173
10-Jul-23,,1424,,292,947,432,117,,21,157,218,229,218,596,293
11-Jul-23,,1737,,240,692,401,543,,213,184,185,197,220,483,261
12-Jul-23,,1665,,306,954,337,545,,344,179,238,211,218,615,282
13-Jul-23,,1700,,496,1789,384,749,,184,171,381,294,266,850,356
14-Jul-23,,2810,,425,1729,389,479,,114,212,414,282,262,870,367
15-Jul-23,,2333,,206,591,325,84,,127,182,214,202,226,478,169
16-Jul-23,,1454,,224,582,497,87,,179,131,212,181,223,410,188
17-Jul-23,,1802,,333,1216,410,128,,260,182,297,219,265,630,265
18-Jul-23,,2006,,309,949,378,664,2,277,81,293,203,257,578,246
19-Jul-23,,1777,,294,759,670,646,2,40,162,241,211,258,494,251
20-Jul-23,,1898,,323,1007,434,337,8,215,69,272,207,254,567,247
21-Jul-23,,1698,,270,622,465,556,2,342,141,199,187,241,481,220
22-Jul-23,,1294,,162,677,344,377,4,202,54,172,180,256,371,193
23-Jul-23,,1401,,191,646,358,65,2,154,103,228,182,242,381,217
24-Jul-23,,2088,,309,1383,402,110,4,140,125,319,235,270,584,260
25-Jul-23,,1697,,247,676,437,83,5,98,146,205,190,255,448,255
26-Jul-23,,1424,,303,797,405,78,2,82,52,243,224,259,466,281
27-Jul-23,,1745,,252,663,294,90,1,105,103,208,193,279,632,363
28-Jul-23,,1515,,209,561,229,63,1,181,105,187,195,250,497,387
29-Jul-23,,1210,,124,371,317,51,,199,48,118,157,237,385,473
30-Jul-23,,1184,,199,556,296,82,1,132,41,178,218,236,580,435
31-Jul-23,,1727,,267,642,371,80,2,29,138,188,235,251,627,309
1-Aug-23,,2120,,350,1197,403,121,,34,68,239,238,253,774,325
2-Aug-23,,1965,,319,923,449,185,1,35,157,244,219,257,629,315
3-Aug-23,,1742,,250,738,370,189,,22,146,183,296,242,567,300
4-Aug-23,,1440,,258,1174,311,191,1,10,67,169,342,248,499,352
5-Aug-23,,1436,,148,1059,326,223,,6,130,100,319,251,425,227
6-Aug-23,,986,,150,437,332,127,,4,44,91,309,239,388,209
7-Aug-23,,1225,,241,992,316,1023,,16,116,185,379,244,558,497
8-Aug-23,,1728,,282,1171,340,1125,1,22,90,222,248,256,567,478
9-Aug-23,,1786,,250,963,236,768,1,25,112,167,176,258,582,399
10-Aug-23,,1448,,235,775,314,911,,11,137,130,179,260,455,317
11-Aug-23,,1117,,188,660,281,150,1,31,44,135,176,247,427,282
12-Aug-23,,1047,,100,381,356,71,1,22,108,64,187,244,327,247
13-Aug-23,,967,,115,624,318,76,1,20,36,78,286,252,312,335
14-Aug-23,,1309,,222,634,344,88,1,26,116,122,337,260,390,347
15-Aug-23,,1299,,212,846,232,121,1,168,40,140,241,267,513,311
16-Aug-23,,1850,,222,1150,258,148,,250,148,188,360,264,572,325
17-Aug-23,,2030,,319,2791,256,626,2,157,69,341,414,273,975,322
18-Aug-23,,3013,,223,1308,281,250,,79,209,223,253,341,537,259
19-Aug-23,,1358,,124,582,282,98,,69,50,128,168,248,330,164
20-Aug-23,,1107,,107,477,279,100,,47,120,103,164,235,259,145
21-Aug-23,,1248,,181,683,229,786,,53,52,178,419,238,402,172
22-Aug-23,,1215,,213,1115,243,541,,62,128,198,378,236,819,195
23-Aug-23,,1711,,211,977,224,264,1,32,65,194,182,242,459,201
24-Aug-23,,1530,,186,745,228,248,1,38,123,163,245,238,408,178
25-Aug-23,,1323,,195,722,242,432,,55,36,150,187,235,385,185
26-Aug-23,,1021,,66,341,324,345,,57,119,65,139,235,244,139
27-Aug-23,,830,,91,438,317,381,,48,34,93,155,232,232,134
28-Aug-23,,1114,,144,653,221,428,,46,121,157,212,231,282,184
29-Aug-23,,1657,,261,1518,203,626,,43,43,280,251,231,525,265
30-Aug-23,,1768,,193,857,250,266,,42,150,210,203,245,380,188
31-Aug-23,,1264,,234,1195,303,422,,47,58,256,236,235,467,248
1-Sep-23,,1721,,203,1033,236,265,,39,114,245,237,242,405,238
2-Sep-23,,1292,,100,510,198,469,,25,61,155,152,251,254,184
3-Sep-23,,880,,100,627,243,311,,32,36,148,157,232,202,169
4-Sep-23,,1013,,142,658,221,818,,31,45,532,203,229,295,176
5-Sep-23,,1134,,167,651,203,340,,8,53,397,213,232,311,205
6-Sep-23,,1195,,185,717,225,290,,45,40,321,249,233,308,212
7-Sep-23,,1220,,171,739,340,290,,32,51,284,268,228,306,225
8-Sep-23,,1291,,145,710,271,264,,49,41,219,291,234,286,217
9-Sep-23,,813,,65,292,217,247,,32,33,160,273,230,199,167
10-Sep-23,,1029,,121,789,283,330,,47,42,228,336,225,312,250
11-Sep-23,,1659,,207,1623,398,500,,64,52,299,442,244,503,294
12-Sep-23,,1679,,223,997,361,488,,36,55,259,281,290,381,312
13-Sep-23,,1365,,206,732,212,319,,30,54,203,289,231,323,280
14-Sep-23,,1427,,185,889,216,512,,45,46,276,429,230,364,238
15-Sep-23,,1305,,166,756,181,364,,37,39,263,1245,241,321,217
16-Sep-23,,1229,,103,475,207,289,,20,32,171,593,235,246,168
17-Sep-23,,884,,102,454,197,460,,20,32,161,878,233,232,160
18-Sep-23,,1537,,186,1090,218,431,,40,57,270,1259,228,376,237
19-Sep-23,,1426,,182,821,275,484,,47,46,203,1281,234,362,221
20-Sep-23,,1370,,187,863,235,379,,66,35,291,1049,235,375,215
21-Sep-23,,1533,,191,931,225,443,,50,54,218,1294,238,377,236
22-Sep-23,,1166,,167,600,242,469,,106,37,160,1083,236,297,192
23-Sep-23,,948,,91,388,272,329,,123,32,104,984,229,185,142
24-Sep-23,,831,,100,515,274,452,,61,24,137,996,224,236,143
25-Sep-23,,1363,,137,807,219,531,,55,44,193,1399,229,320,217
26-Sep-23,,1170,,158,3841,179,488,,100,33,132,1423,227,293,171
27-Sep-23,,1453,,192,16283,294,509,,51,38,212,775,227,375,223
28-Sep-23,,1388,,203,15499,267,454,,122,52,310,646,228,442,240
29-Sep-23,,1705,,196,17086,192,388,,133,44,192,615,232,380,211
30-Sep-23,,1160,,123,22782,217,326,,93,32,202,527,324,293,188
1-Oct-23,,1293,,149,22788,276,399,,89,35,376,1015,319,392,224
2-Oct-23,,1968,,172,6024,299,683,,84,60,300,1108,324,508,299
3-Oct-23,,1754,,125,3275,265,542,,48,48,238,976,334,354,233
4-Oct-23,,1475,,93,2480,294,598,,105,48,244,900,325,370,238
5-Oct-23,,1440,,190,1790,300,529,,87,33,266,730,323,350,239
6-Oct-23,,1509,,175,1512,268,501,,68,42,229,722,326,348,227
7-Oct-23,,1393,,122,870,221,311,,68,36,286,698,325,228,168
8-Oct-23,,1080,,122,940,312,339,,72,42,184,542,324,233,203
9-Oct-23,,1588,,213,2255,254,432,,94,40,266,621,329,393,270
10-Oct-23,,1550,,191,928,212,343,,109,46,185,427,334,296,246
11-Oct-23,,1483,,207,1240,263,355,,145,43,244,492,322,366,270
12-Oct-23,,1509,,210,1434,261,405,5,114,55,215,758,327,365,210
13-Oct-23,,1295,,199,898,236,418,4,165,40,226,283,328,341,197
14-Oct-23,,1176,,88,493,191,260,2,125,33,144,199,329,198,164
15-Oct-23,,792,,122,626,191,334,3,82,19,190,238,319,201,171
16-Oct-23,,1966,,279,1696,305,531,10,95,58,309,363,318,486,299
17-Oct-23,,1573,,218,1142,277,383,6,98,37,225,299,336,338,207
18-Oct-23,,1285,,214,988,253,328,8,98,39,239,500,323,326,178
19-Oct-23,,1311,,239,1166,236,393,7,63,38,223,452,328,353,190
20-Oct-23,,1866,,245,1515,273,493,8,64,52,310,673,330,448,281
21-Oct-23,,1403,,202,1296,273,369,8,74,31,228,559,334,400,230
22-Oct-23,,1606,,168,1092,277,366,4,79,37,210,460,326,386,245
23-Oct-23,,1974,,363,2506,301,600,12,160,48,349,731,329,639,363
24-Oct-23,,2735,,388,2432,259,759,11,59,74,320,616,360,649,401
25-Oct-23,,2015,,325,1539,292,652,21,69,61,264,445,1147,542,316
26-Oct-23,,1986,,272,1589,299,689,8,195,47,260,390,1831,533,375
27-Oct-23,,1629,,240,1199,302,561,8,331,47,239,330,964,439,357
28-Oct-23,,1594,,156,792,369,494,12,313,50,175,175,818,310,349
29-Oct-23,,1217,,179,873,380,502,13,170,35,229,229,,333,442
30-Oct-23,,1726,,272,1138,316,665,20,288,27,232,292,508,452,414
31-Oct-23,,1768,,264,1089,291,917,26,58,47,252,1661,500,537,455
1-Nov-23,,1870,,342,1844,325,963,33,43,43,326,421,509,626,593
2-Nov-23,,2467,,346,1737,633,902,717,74,52,553,419,514,671,617
3-Nov-23,,1970,,205,1357,686,874,959,657,40,888,259,517,496,515
4-Nov-23,,1718,,178,1086,365,726,956,66,33,594,196,524,442,502
5-Nov-23,,1762,,219,1359,366,823,916,40,37,447,368,532,529,577
6-Nov-23,,1854,,283,1274,452,883,753,52,43,442,408,801,518,617
7-Nov-23,,1835,,292,1474,704,1024,936,30,47,352,632,805,525,649
8-Nov-23,,1950,,266,1268,725,974,785,38,41,242,535,914,535,567
9-Nov-23,,2477,,411,3275,648,1418,1343,51,56,416,1834,931,869,540
10-Nov-23,,2815,,326,1791,752,1176,1338,60,66,319,463,1482,653,563
11-Nov-23,,2136,,265,1503,789,1168,1612,41,32,268,769,1511,554,489
12-Nov-23,,2068,,273,1175,779,1128,1384,62,34,252,294,790,532,386
13-Nov-23,,2088,18,353,1539,736,1315,1505,67,33,276,394,777,629,462
14-Nov-23,,2339,29,347,1919,994,1302,1351,65,37,306,1199,820,606,491
15-Nov-23,,2598,28,317,1630,940,1283,1732,91,45,280,386,905,625,519
16-Nov-23,,2545,20,336,1913,919,1362,1620,69,43,319,288,912,712,478
17-Nov-23,,2466,20,266,1499,937,1281,1319,112,43,350,299,959,593,400
18-Nov-23,,2105,6,160,826,982,1036,928,113,28,207,228,944,399,312
19-Nov-23,,1541,19,177,881,915,1069,1090,124,23,240,221,814,442,298
20-Nov-23,,1897,24,268,1733,989,1428,1387,114,27,247,244,712,566,392
21-Nov-23,,1912,25,309,3918,990,1507,1791,125,37,337,265,,682,426
22-Nov-23,,2305,24,257,3061,1033,1371,1489,90,60,312,202,,626,372
23-Nov-23,,2005,23,195,2408,1127,1199,1190,138,49,220,226,,420,287
24-Nov-23,,1598,33,209,2518,1006,1369,1067,173,41,289,281,1178,471,337
25-Nov-23,,1647,18,147,2027,995,1215,1104,134,39,181,236,1171,369,282
26-Nov-23,,1264,25,151,1590,1011,1399,1027,235,17,220,222,1152,394,380
27-Nov-23,,1692,34,226,1929,1053,1482,1360,185,36,262,241,895,490,448
28-Nov-23,,1550,80,224,1332,1040,1562,1346,157,42,246,167,993,451,431
29-Nov-23,,1809,125,227,1126,938,1464,1382,296,40,259,161,877,442,431
30-Nov-23,,1424,103,186,965,990,1293,1052,429,41,269,135,916,381,339
1-Dec-23,,1647,109,246,1544,1014,1605,1265,332,38,346,193,752,506,398
2-Dec-23,,1540,142,197,1500,951,1656,1564,538,29,246,755,801,529,396
3-Dec-23,,1805,158,189,1395,937,1670,1556,301,62,218,233,840,504,383
4-Dec-23,,2245,174,361,2190,1083,2250,1732,440,49,348,311,1153,693,497
5-Dec-23,,1780,158,337,1901,1019,2069,1545,427,32,319,274,1073,641,456
6-Dec-23,,2326,221,320,1671,1024,2108,1791,395,43,296,207,1297,601,443
7-Dec-23,,1783,224,308,1782,1056,2198,2038,491,43,317,278,1296,591,419
8-Dec-23,,2013,228,321,1598,1258,2696,3116,179,33,309,289,1306,621,411
9-Dec-23,,1963,236,269,1383,1115,2561,3311,296,28,277,235,1372,571,394
10-Dec-23,,1516,197,212,1066,1174,2415,3188,198,24,242,177,1444,469,306
11-Dec-23,,2357,291,341,2318,1308,3257,3925,195,43,435,259,1531,791,455
12-Dec-23,,1969,254,290,1419,1344,2758,2982,210,46,364,178,1525,555,323
13-Dec-23,,1716,255,269,1545,1137,2804,3134,220,40,353,178,1621,575,365
14-Dec-23,,1934,251,267,1169,974,2587,2615,119,33,306,176,1634,512,326
15-Dec-23,,1607,225,228,930,1072,2545,2721,163,21,222,152,1687,513,330
16-Dec-23,,1432,197,195,667,1036,2149,2596,208,25,265,130,1718,453,275
17-Dec-23,,1290,168,185,766,1024,2183,2536,361,15,256,129,1748,475,279
18-Dec-23,,1731,205,279,1419,1078,2741,3292,286,33,344,154,1325,610,346
19-Dec-23,,1577,208,250,1039,1033,2642,3052,187,39,324,138,1367,506,311
20-Dec-23,,1605,209,256,1115,1043,2777,3898,217,44,246,183,1348,541,344
21-Dec-23,,1731,231,269,1127,1063,2654,3821,249,39,250,191,1344,692,339
22-Dec-23,,1766,240,306,1628,1183,3512,3967,153,24,289,229,1381,566,399
23-Dec-23,,1362,197,209,948,1123,2515,3765,748,23,198,168,1389,402,306
24-Dec-23,,1445,240,237,1037,1104,2814,4105,386,22,217,173,1372,481,345
25-Dec-23,,1435,218,209,767,1048,2602,3558,130,21,161,182,1372,395,300
26-Dec-23,,1582,265,283,1302,1147,3819,3962,381,26,282,225,1363,544,362
27-Dec-23,,1773,289,293,1259,1100,3219,3309,212,37,292,212,1375,531,349
28-Dec-23,,1869,324,331,1627,1365,3399,4144,253,35,303,251,1398,597,370
29-Dec-23,,1547,265,426,1278,1447,3413,3403,221,26,303,171,1396,455,348
30-Dec-23,,1597,183,359,788,1106,2507,2466,147,32,523,163,1377,333,254
31-Dec-23,,1211,232,345,737,1222,2604,2427,96,15,524,161,1370,349,271
1-Jan-24,,1185,272,283,921,1017,2678,2653,121,15,304,162,1381,381,309
2-Jan-24,,1877,364,537,1460,1296,3707,4095,184,31,653,274,1388,575,423
3-Jan-24,,2327,402,571,2425,1277,4837,5584,286,53,758,278,1429,758,475
4-Jan-24,,1512,330,493,1581,1102,3334,4140,176,36,793,147,1416,489,372
5-Jan-24,,1524,317,496,1758,1097,3373,4002,379,32,492,163,1439,444,334
6-Jan-24,,1216,240,402,1211,1013,3100,4017,266,25,322,174,1281,392,285
7-Jan-24,,983,239,433,1111,1064,3555,4029,103,18,263,167,1315,350,278
8-Jan-24,,1612,379,567,2311,1283,4727,5134,336,39,410,242,,627,395
9-Jan-24,,1761,374,588,1710,1343,4959,4421,139,41,369,222,,520,390
10-Jan-24,,1736,457,807,2523,1308,5521,5005,90,38,524,287,1286,656,455
11-Jan-24,,2244,463,1132,2254,1243,5659,4589,125,51,448,341,,655,463
12-Jan-24,,1713,428,824,2357,1284,6018,5028,107,41,415,303,,636,445
13-Jan-24,,1891,311,783,1285,1013,4809,3445,165,50,264,239,,402,308
14-Jan-24,,1050,298,704,1098,975,5031,3700,67,28,234,157,,369,324
15-Jan-24,,1276,319,967,962,1253,5348,3258,109,31,235,264,2712,377,335
16-Jan-24,,1124,316,760,1016,1023,5614,3291,162,24,235,131,2702,379,365
17-Jan-24,,1289,289,678,1009,1135,5482,4404,105,26,246,118,1308,418,325
18-Jan-24,,1133,345,903,1545,1094,5891,5029,103,27,416,240,1302,472,386
19-Jan-24,,1579,341,686,1323,1086,5877,4620,91,33,456,171,1301,428,355
20-Jan-24,,1317,226,624,788,1106,4729,2930,182,22,290,212,1282,238,243
21-Jan-24,,871,221,359,643,1210,5366,2707,144,17,298,206,1270,220,230
22-Jan-24,,1304,372,775,1881,1363,7548,5917,57,22,410,233,1261,494,356
23-Jan-24,,1768,416,830,1918,1272,7284,5168,55,35,380,272,1321,537,361
24-Jan-24,,1257,294,1013,1047,1249,6155,3675,312,27,332,148,1329,346,273
25-Jan-24,,980,248,848,798,1260,5519,3045,196,24,357,139,,285,309
26-Jan-24,,1153,312,594,1288,1226,6571,4009,33,25,393,170,1353,334,345
27-Jan-24,2,1116,239,757,889,1123,6028,4402,59,23,301,179,1390,253,240
28-Jan-24,8,1049,291,786,1223,1137,6994,5846,176,14,505,187,1398,297,283
29-Jan-24,14,975,330,929,1345,1146,7531,5910,197,14,392,181,1406,380,353
30-Jan-24,25,1318,358,937,1224,1118,9086,6595,253,24,199,187,1412,340,360
31-Jan-24,28,1228,349,892,1206,1167,8465,6437,269,26,159,164,1279,338,305
1-Feb-24,19,1200,338,910,1009,1193,7612,6485,342,27,153,147,1305,306,271
2-Feb-24,83,1068,295,558,980,1175,8270,6185,231,17,112,153,1342,262,261
3-Feb-24,129,878,253,486,912,1179,7404,5623,230,11,89,142,1327,175,196
4-Feb-24,161,759,247,422,706,1196,8040,5744,165,6,106,173,1311,181,226
5-Feb-24,138,997,317,963,925,1218,9259,5677,211,13,113,233,1300,250,242
6-Feb-24,112,1010,320,1005,965,1152,9553,4980,132,15,137,185,1310,280,290
7-Feb-24,112,1104,348,1009,1026,1081,9530,7218,162,15,144,208,1343,299,294
8-Feb-24,95,1379,399,956,1128,1058,9887,6775,212,32,170,201,1331,297,328
9-Feb-24,91,1361,416,404,1321,1070,9656,6780,147,27,236,181,1329,356,353
10-Feb-24,83,1236,326,505,957,1096,8042,5854,180,19,1169,160,1376,252,274
11-Feb-24,117,1099,318,362,1021,1150,8587,4933,191,21,1028,220,1369,256,263
12-Feb-24,118,1138,441,518,1534,1242,11312,6844,203,27,418,234,1413,379,363
13-Feb-24,96,1622,467,610,1300,1096,10289,6361,195,30,1567,173,1445,328,328
14-Feb-24,124,1505,476,361,1542,1213,10144,6085,131,21,1704,244,1443,369,339
15-Feb-24,116,1501,489,524,1419,1205,10251,6084,145,20,395,244,1432,390,318
16-Feb-24,135,1346,401,375,1155,1195,9725,5669,95,23,503,275,1297,328,335
17-Feb-24,130,1211,378,288,1045,1284,8165,5092,140,12,452,182,1284,289,262
18-Feb-24,93,996,381,280,899,1298,8778,4539,119,18,561,227,1311,279,266
19-Feb-24,81,1282,505,340,990,1285,10540,4691,105,17,565,362,1300,363,300
20-Feb-24,114,1350,504,368,1277,1359,11563,5988,111,21,662,371,1287,416,355
21-Feb-24,102,1432,466,342,1303,1223,10753,6109,101,32,522,236,1271,367,360
22-Feb-24,95,1193,444,325,1009,1342,9535,4200,94,23,602,245,1260,345,315
23-Feb-24,78,1080,461,284,1138,1455,10376,4694,87,25,353,194,1297,309,300
24-Feb-24,72,1050,420,213,839,1617,9052,4098,77,14,320,235,1286,274,274
25-Feb-24,90,1056,458,215,907,1854,9865,3952,120,12,183,300,1283,282,272
26-Feb-24,97,1183,630,322,1398,1862,12056,6150,109,14,453,393,1274,391,381
27-Feb-24,119,1721,687,338,1549,1847,11920,5915,96,26,332,413,1266,445,400
28-Feb-24,110,1576,828,390,1941,1898,14450,7058,87,26,463,412,1279,573,480
29-Feb-24,70,1845,758,353,1663,1520,11606,8157,97,32,252,296,,479,424
1-Mar-24,59,1318,636,295,1163,1395,9700,6066,69,20,153,132,,394,345
2-Mar-24,74,1199,587,238,964,1291,10017,4544,83,16,165,198,,396,281
3-Mar-24,60,1122,659,270,1082,1323,10110,5253,78,12,163,207,,345,314
4-Mar-24,91,1430,881,391,1657,1273,11166,8102,49,23,220,294,,465,414
5-Mar-24,112,1627,1003,389,2343,1184,13653,8641,88,20,300,282,,626,513
6-Mar-24,61,1953,872,293,1473,1027,10909,6003,84,40,201,189,,422,396
7-Mar-24,58,1337,748,285,1222,1028,10676,7282,83,25,171,137,,359,359
8-Mar-24,73,1282,818,315,1356,1095,11022,6891,82,22,184,149,1725,394,381
9-Mar-24,49,1358,608,201,789,1160,9778,4527,67,22,104,117,,273,278
10-Mar-24,64,1165,683,213,1124,1175,10665,5265,92,8,155,129,1474,316,326
11-Mar-24,92,1497,858,279,1616,1081,10174,6479,76,16,207,180,1542,377,437
12-Mar-24,108,1384,866,298,1300,1093,10368,6080,63,24,203,129,1697,361,420
13-Mar-24,123,1480,838,289,1145,1250,10701,5544,47,19,180,137,1757,357,419
14-Mar-24,239,1369,893,305,1542,1378,12047,6008,56,18,233,138,1717,409,439
15-Mar-24,281,1676,889,319,1945,1172,12844,6282,46,28,239,187,1811,433,445
16-Mar-24,222,1196,752,227,1496,1217,10638,5524,57,19,178,169,1662,357,368
17-Mar-24,278,1425,834,201,1348,1272,9964,5412,55,28,200,185,1639,308,310
18-Mar-24,300,1208,824,229,1252,1320,10629,5980,49,22,177,142,1635,335,352
19-Mar-24,335,1531,1010,305,2484,1447,13602,8389,78,38,238,190,1694,468,475
20-Mar-24,190,1412,899,290,1942,1516,12120,7720,68,27,209,155,1718,371,434
21-Mar-24,275,1345,787,224,1392,1420,10903,5876,78,24,191,157,1812,274,364
22-Mar-24,330,1171,766,200,1488,1429,11045,5472,71,18,148,129,1807,255,316
23-Mar-24,274,959,612,122,805,1444,9645,3877,92,21,117,110,1774,189,253
24-Mar-24,245,883,635,127,856,1473,10292,4409,76,12,126,125,1879,197,261
25-Mar-24,229,1174,853,190,1401,1456,12347,5856,79,16,181,129,1899,287,392
26-Mar-24,174,1267,819,185,1170,1582,14092,4907,71,27,149,125,1934,268,333
27-Mar-24,181,1139,786,199,2804,1633,13163,5041,154,27,276,151,1933,286,357
28-Mar-24,202,1106,736,167,2260,1498,12659,3944,129,26,280,147,1920,229,295
29-Mar-24,237,969,720,205,1848,1619,14105,4283,127,19,280,144,1943,216,285
30-Mar-24,217,923,586,134,1483,1550,13040,4319,173,18,264,128,1915,200,255
31-Mar-24,221,869,619,114,1499,1599,13274,3749,275,16,308,147,1893,205,248
1-Apr-24,358,1101,804,187,1951,1595,15739,5528,64,18,150,171,1890,292,342
2-Apr-24,318,1332,888,188,2411,1586,16983,7319,83,22,170,243,1844,394,395
3-Apr-24,191,1091,711,167,1490,1284,14740,4425,66,23,100,138,1828,232,300
4-Apr-24,231,953,690,156,1357,1189,14965,3627,67,24,105,138,1865,221,305
5-Apr-24,248,1133,675,144,1317,1369,15765,5375,71,30,94,146,1847,234,298
6-Apr-24,228,803,584,104,960,1370,14662,2421,61,17,70,173,1806,146,195
7-Apr-24,258,893,628,114,1288,1696,15592,2648,52,17,90,306,1887,177,245
8-Apr-24,333,1139,315,155,1835,1531,19868,3074,55,20,149,331,1847,266,317
9-Apr-24,333,1115,547,150,1938,1506,19661,3155,83,19,133,311,1843,256,333
10-Apr-24,292,1106,744,150,1430,1538,17083,3984,52,37,123,261,1789,239,296
11-Apr-24,250,1022,623,138,1235,1397,14039,2920,72,37,105,278,1792,193,299
12-Apr-24,407,958,783,184,2546,1615,19252,7312,79,33,166,436,1751,434,393
13-Apr-24,430,1529,779,166,4815,1058,16814,7742,99,27,166,432,1725,448,293
14-Apr-24,209,1580,654,113,1307,974,16706,4552,58,27,116,260,1742,237,324
15-Apr-24,245,1005,630,130,1395,2287,18151,5069,66,22,100,296,1728,217,275
16-Apr-24,236,1011,450,109,1280,3242,30562,4717,63,19,84,403,1691,185,276
17-Apr-24,260,949,463,137,1413,2201,18551,4724,66,11,106,337,1646,205,268
18-Apr-24,239,963,439,105,1234,1968,16212,5777,69,20,148,317,1687,163,245
19-Apr-24,286,1012,515,135,1296,1906,19877,5495,79,20,121,198,1640,212,265
20-Apr-24,256,801,391,101,1147,2077,16384,3670,83,12,86,237,1617,148,215
21-Apr-24,231,869,370,80,999,2071,16032,2850,80,6,69,206,1627,140,197
22-Apr-24,328,904,448,128,1193,1828,16990,3961,68,16,94,255,1606,153,231
23-Apr-24,380,902,430,122,1157,2006,15861,6165,71,27,75,294,1596,147,222
24-Apr-24,399,912,516,136,1278,2367,15233,4214,64,23,88,240,1627,176,274
25-Apr-24,335,1007,426,102,1265,2528,14785,3793,45,16,84,283,1558,164,242
26-Apr-24,323,831,500,100,959,3188,15419,6280,79,14,56,233,1510,120,200
27-Apr-24,303,836,519,73,959,1242,13278,3977,49,14,61,198,1474,151,227
28-Apr-24,260,816,496,81,845,1184,12038,2692,58,14,60,234,1451,148,214
29-Apr-24,408,889,578,105,1039,1262,12841,3581,60,8,77,283,1526,152,248
30-Apr-24,414,1007,579,137,1642,1263,15944,6038,71,14,114,199,1556,245,275
1-May-24,303,1111,626,133,1676,1150,10483,5447,90,24,124,279,1639,244,301
2-May-24,293,933,460,107,1031,1131,7337,3713,68,15,59,210,1687,160,253
3-May-24,312,884,523,119,1008,992,7453,3604,103,14,83,165,1685,165,278
4-May-24,303,932,464,85,870,1033,6391,3083,54,17,71,148,1782,138,214
5-May-24,249,809,397,87,775,1108,6511,3231,80,13,60,204,1881,134,182
6-May-24,377,965,517,118,977,1101,7744,5188,86,15,81,260,1943,176,247
7-May-24,334,903,490,116,942,1059,7263,4959,99,22,61,244,2017,145,233
8-May-24,322,905,461,121,971,1114,7043,3942,103,16,88,186,2046,176,233
9-May-24,321,858,446,116,929,1197,7871,3158,102,15,80,147,2032,131,219
10-May-24,373,900,477,85,1073,1176,7081,3562,143,9,84,191,2063,188,260
11-May-24,294,883,333,71,607,1204,4874,2242,141,9,46,103,2126,103,170
12-May-24,213,678,306,63,828,1197,6488,2024,76,5,49,94,2093,86,150
13-May-24,287,900,488,112,948,1212,7148,3417,74,13,67,156,2112,166,247
14-May-24,307,875,500,108,836,1076,6864,2522,72,9,69,118,2135,153,248
15-May-24,339,897,585,144,1111,1138,7200,3758,66,10,111,173,2194,212,324
16-May-24,339,1022,553,109,907,1110,7060,4086,65,10,82,127,2291,204,277
17-May-24,282,949,543,,1021,1140,7175,4084,64,9,96,139,2281,188,277
18-May-24,247,910,424,,696,1096,5387,3413,62,6,54,125,2268,171,206
19-May-24,191,823,446,,772,1046,5493,3494,75,7,59,122,2264,162,215
20-May-24,381,885,726,,1449,1125,7276,5154,71,9,123,257,2229,282,343
21-May-24,337,1271,763,,1492,1138,7524,5075,74,13,129,183,2196,318,362
22-May-24,303,1022,612,,1096,1240,6659,4084,40,16,84,1254,2174,264,316
23-May-24,333,1044,782,,1581,1264,8097,6197,69,14,132,190,2137,340,384
24-May-24,260,1128,599,,1069,1195,6351,4985,67,13,83,135,2120,232,245
25-May-24,223,895,438,,614,1696,5241,2668,52,10,47,80,2145,173,213
26-May-24,179,851,479,,830,1671,5594,3430,71,3,71,106,2120,187,251
27-May-24,343,934,615,,1047,1707,6274,3506,68,8,96,200,2106,226,298
28-May-24,1104,1031,619,,988,1677,6440,3479,69,11,84,184,2164,246,287
29-May-24,999,886,521,,808,1638,8152,2928,75,10,74,87,2212,205,263
30-May-24,777,945,503,,913,1624,7778,3207,60,10,72,107,2170,215,278
31-May-24,521,907,470,,1125,1574,7221,2925,83,7,73,81,2256,185,252
1-Jun-24,428,857,314,,613,1558,5640,1909,40,8,32,56,2351,133,169
2-Jun-24,409,769,350,,641,1567,6622,2878,62,5,38,90,2443,138,186
3-Jun-24,504,900,505,,877,1545,7808,3000,44,9,69,122,2434,169,260
4-Jun-24,553,859,497,,902,1553,8710,3209,33,7,75,86,2412,190,275
5-Jun-24,508,965,565,,997,1456,8343,3636,46,12,76,111,2445,213,296
6-Jun-24,471,941,508,,792,1569,7497,3291,39,8,60,72,2408,185,273
7-Jun-24,587,922,584,,1401,1541,9574,4874,41,11,99,89,2506,300,325
8-Jun-24,309,1130,424,,678,1543,6984,3008,38,12,54,63,2567,165,203
9-Jun-24,296,756,346,,544,1515,6176,2583,57,2,42,61,2557,118,170
10-Jun-24,328,816,445,,752,1459,6914,2634,54,4,53,61,2543,136,221
11-Jun-24,555,1081,660,,1999,1605,10744,6130,61,12,112,111,2613,293,330
12-Jun-24,523,1077,566,,1006,1550,7657,4216,51,14,94,72,,208,321
13-Jun-24,374,954,505,,898,1480,7497,3589,54,9,84,70,2672,184,326
14-Jun-24,514,913,532,,1449,1567,8035,4579,53,11,101,110,2711,193,323
15-Jun-24,392,1020,363,,640,1522,6059,2420,52,6,60,102,2662,131,219
16-Jun-24,439,766,349,,573,1575,5953,2617,51,4,54,81,2640,117,218
17-Jun-24,530,882,479,,1186,1513,8676,3790,48,11,86,117,2612,189,288
18-Jun-24,575,1123,577,,1929,1512,10335,5899,55,13,119,99,1582,284,339
19-Jun-24,611,893,448,,778,1546,7076,3286,54,7,80,62,1629,161,298
20-Jun-24,618,821,449,,715,1447,7096,3225,37,2,71,56,1711,176,286
21-Jun-24,700,876,430,,933,1455,6958,3899,55,6,78,57,1780,164,307
22-Jun-24,391,784,281,,590,1477,5798,2056,51,4,43,81,1782,117,198
23-Jun-24,465,695,382,,646,1400,6829,2943,55,2,70,61,1852,137,245
24-Jun-24,645,1064,634,,1670,1495,10200,6020,67,12,142,123,1895,236,372
25-Jun-24,490,994,505,,854,1512,7991,3517,57,13,75,72,1965,183,304
26-Jun-24,426,814,380,,729,1414,7355,2724,55,6,62,47,1907,142,300
27-Jun-24,488,880,419,,748,1462,7060,3924,56,6,61,48,1866,160,301
28-Jun-24,472,830,377,,761,1370,7369,3532,37,5,57,63,1913,154,307
29-Jun-24,421,804,293,,520,1398,6506,2072,55,4,40,53,2010,103,204
30-Jun-24,483,769,360,,741,1429,7277,3002,32,4,54,71,2008,142,233
1-Jul-24,678,892,456,,3912,1468,8222,3119,56,8,61,129,2195,145,298
2-Jul-24,659,842,412,,1961,1411,8070,3328,51,8,49,53,2163,139,281
3-Jul-24,762,966,520,,2266,1455,9822,5292,59,11,85,94,2226,195,352
4-Jul-24,902,1128,615,,2483,1508,9972,6164,61,14,120,148,2197,279,419
5-Jul-24,859,1288,649,,2685,1452,11769,6618,69,21,150,254,2281,313,861
6-Jul-24,710,412,397,,1164,1403,7451,3543,52,6,52,65,2270,168,462
7-Jul-24,747,854,384,,1049,1409,7796,3751,56,2,65,54,2224,159,259
8-Jul-24,854,926,540,,1267,1439,8966,5027,58,6,73,101,2199,176,867
9-Jul-24,830,818,399,,1069,1466,9711,3430,50,5,54,65,,168,755
10-Jul-24,840,877,452,,974,1445,10183,3602,54,3,60,70,,162,394
11-Jul-24,841,856,445,,927,1487,9271,3854,53,4,71,76,,166,364
12-Jul-24,701,811,398,,850,1453,8702,3209,53,4,68,79,,146,323
13-Jul-24,660,796,347,,878,1377,8734,2452,50,3,51,84,,131,287
14-Jul-24,728,871,419,,1035,1379,8602,3458,54,4,73,70,,157,273
15-Jul-24,808,963,585,,1396,1374,10161,4963,18,8,121,74,,226,473
16-Jul-24,800,997,641,,1214,1461,10065,4467,51,10,131,102,,204,634
17-Jul-24,773,975,593,,1048,1402,10068,3944,59,9,98,67,,205,548
18-Jul-24,727,895,491,,930,1477,9455,3472,50,6,76,53,,149,644
19-Jul-24,725,914,537,,1169,1377,9707,4602,54,7,100,56,,188,456
20-Jul-24,618,924,422,,955,1361,7776,3492,60,6,88,57,,157,331
21-Jul-24,706,831,516,,1189,1357,9054,4648,53,5,95,65,,181,326
22-Jul-24,734,985,507,,1086,1464,9831,4489,52,10,101,87,,179,433
23-Jul-24,728,910,531,,1085,1682,10039,4593,49,6,105,104,,173,599
24-Jul-24,734,874,489,,1016,1691,61201,3984,50,9,109,85,,179,455
25-Jul-24,785,1020,654,,1364,1535,18396,5349,55,12,141,74,,249,507
26-Jul-24,702,884,559,,928,1470,11445,4316,53,7,84,74,,181,500
27-Jul-24,687,822,547,,1011,1337,17350,5065,40,4,97,60,,184,384
28-Jul-24,568,810,468,,633,1338,7432,2933,61,3,71,51,,129,200
29-Jul-24,707,869,684,,1120,1376,9918,5310,52,5,117,96,,204,489
30-Jul-24,690,840,585,,1031,1404,10826,4583,55,9,94,59,,187,413
31-Jul-24,709,778,573,,997,1364,13256,4749,52,3,111,60,,176,447
1-Aug-24,751,871,710,,1406,2260,11608,6720,58,8,131,73,,239,457
2-Aug-24,677,886,642,,1356,2239,16751,6072,55,15,117,77,,221,348
3-Aug-24,573,860,410,,1366,2279,13282,6844,48,12,107,96,,195,315
4-Aug-24,669,845,436,,1783,2262,13603,6984,64,6,104,152,,271,325
5-Aug-24,746,1393,956,,3610,2263,18876,13492,74,26,144,368,,412,1069
6-Aug-24,544,805,709,,1676,2240,11626,6055,52,10,71,90,,192,377
7-Aug-24,544,745,737,,1496,2269,9043,5914,54,4,71,37,,176,346
8-Aug-24,566,725,782,,1289,2233,9273,6077,45,6,89,46,,202,426
9-Aug-24,491,767,729,,1938,2233,8514,4746,43,7,79,48,,149,267
10-Aug-24,498,590,511,,761,2200,7363,2894,47,5,47,46,,120,368
11-Aug-24,508,597,639,,876,2200,8539,5490,49,3,72,67,,135,227
12-Aug-24,537,671,707,,950,2215,8928,4994,46,5,78,65,,171,381
13-Aug-24,512,645,671,,802,2217,15886,3655,52,3,66,45,,142,267
14-Aug-24,517,668,727,,914,2238,8476,4192,49,2,79,45,,137,273
15-Aug-24,534,636,764,,1069,2212,8527,5078,53,4,99,69,,151,288
16-Aug-24,502,665,690,,810,2218,7424,4271,53,4,66,45,,130,250
17-Aug-24,434,578,580,,549,2213,6149,2713,48,,49,66,,97,158
18-Aug-24,479,592,626,,731,2200,6081,3611,45,1,60,102,,99,188
19-Aug-24,478,626,653,,746,2223,6956,3658,38,3,60,61,,131,232
20-Aug-24,517,651,749,,960,2235,7992,4831,28,2,79,47,,143,245
21-Aug-24,521,641,723,,957,2244,8225,4249,46,2,58,35,,135,244
22-Aug-24,486,662,680,,765,2234,7381,3130,50,4,72,55,,127,240
23-Aug-24,537,635,893,,1253,2249,8354,5216,42,3,95,51,,198,436
24-Aug-24,473,719,804,,933,2227,7969,4879,35,11,76,42,,173,228
25-Aug-24,432,606,749,,697,2227,7331,3702,50,5,58,52,,130,223
26-Aug-24,485,620,823,,928,2215,8091,4322,36,3,78,33,,160,236
27-Aug-24,595,665,868,,1238,2225,9030,6260,32,6,112,80,,205,284
28-Aug-24,481,735,835,,1016,2218,9592,5851,46,9,93,35,,181,249
29-Aug-24,490,590,754,,861,2279,9064,4921,48,6,93,44,,134,235
30-Aug-24,468,594,762,,946,2237,10438,5695,47,5,77,40,,124,230
31-Aug-24,414,549,644,,525,2218,7130,2800,42,3,53,32,,79,155
1-Sep-24,479,502,739,,875,2215,8230,4976,51,4,83,36,,135,200
2-Sep-24,488,571,763,,961,1695,7719,4640,46,6,69,36,,117,218
3-Sep-24,492,536,783,,1757,1859,8130,4286,39,7,71,47,,132,216
4-Sep-24,558,648,856,,1507,1905,8749,5843,27,14,85,60,,171,734
5-Sep-24,489,534,779,,1554,1545,8361,3935,47,9,88,56,,131,231
6-Sep-24,612,544,906,,1949,1625,11305,6435,49,10,108,111,,185,269
7-Sep-24,366,603,759,,1187,2189,9395,3459,44,14,55,81,,115,192
8-Sep-24,401,467,745,,1016,1893,6891,3378,39,5,65,46,,122,193
9-Sep-24,500,525,890,,994,1798,8134,5128,49,4,76,63,,157,251
10-Sep-24,385,582,833,,1122,2065,7353,3877,43,8,69,43,,110,218
11-Sep-24,415,536,847,,809,1948,7836,4561,33,12,73,31,,128,195
12-Sep-24,402,528,834,,791,1872,7445,3648,36,5,64,37,,126,208
13-Sep-24,376,482,891,,908,,7709,4972,49,4,83,46,,138,218
14-Sep-24,333,565,784,,618,1751,6691,3477,49,11,57,21,,105,660
15-Sep-24,332,455,801,,726,1884,6935,4138,46,5,72,32,,125,182
16-Sep-24,392,555,865,,879,2092,7549,4365,41,5,92,35,,136,211
17-Sep-24,374,509,880,,852,1611,7850,4451,48,3,76,37,,151,227
18-Sep-24,370,525,883,,982,,8249,6429,48,8,86,28,,146,230
19-Sep-24,413,608,970,,1166,1796,9170,6851,47,11,95,44,,203,276
20-Sep-24,374,593,937,,1033,1959,8940,6374,34,12,88,37,,177,213
21-Sep-24,321,457,809,,686,2046,7433,4319,46,7,56,24,,128,189
22-Sep-24,328,465,863,,800,1588,8120,4822,30,12,61,41,,141,197
23-Sep-24,484,543,938,,958,1935,9062,5251,5,10,78,37,,165,230
24-Sep-24,431,506,968,,983,2017,9029,5865,39,7,71,41,,183,252
25-Sep-24,419,509,926,,959,1678,9482,5639,51,6,75,33,,160,242
26-Sep-24,411,532,1053,,1095,1747,9631,6626,44,9,79,29,,206,255
27-Sep-24,411,570,1039,,1078,1685,9028,5749,66,15,81,32,,204,251
28-Sep-24,333,506,888,,774,1734,7644,4263,37,13,59,23,,137,182
29-Sep-24,321,405,868,,700,1989,7577,4898,26,8,63,23,,139,169
30-Sep-24,399,506,1018,,1084,1701,9676,6344,6,7,80,57,,188,236
1-Oct-24,464,532,1173,,1420,2013,11718,8347,9,12,114,52,,253,274
2-Oct-24,421,580,1054,,1096,1595,9980,7127,3,13,94,36,,184,245
3-Oct-24,417,501,1006,,1021,1639,9243,6582,6,21,72,40,,171,221
4-Oct-24,366,418,986,,897,1947,8690,5096,1,18,57,20,,144,213
5-Oct-24,297,398,823,,570,1842,6163,3207,2,10,52,21,,90,156
6-Oct-24,289,352,896,,654,2053,6236,3328,5,10,48,29,,112,153
7-Oct-24,358,452,1087,,1028,1714,8537,5677,5,12,67,37,,170,221
8-Oct-24,338,423,969,,786,1935,15279,4385,5,9,54,35,,125,182
9-Oct-24,326,350,977,,840,1613,8530,4958,1,10,66,23,,152,193
10-Oct-24,395,411,1007,,1003,1564,7621,6469,4,12,77,21,,140,206
11-Oct-24,447,410,1055,,939,1848,8049,5233,4,9,69,32,,139,213
12-Oct-24,288,379,950,,709,1816,6431,3221,2,10,59,31,,125,149
13-Oct-24,296,336,927,,715,1639,6527,4541,3,4,46,18,,101,145
14-Oct-24,398,443,1183,,1170,1915,9045,7534,11,20,83,45,,183,224
15-Oct-24,376,447,1188,,1099,1573,8806,6255,6,20,83,45,,169,229
16-Oct-24,352,418,1146,,936,1693,7672,5106,8,15,64,46,,159,189
17-Oct-24,346,368,1073,,861,1554,7429,7011,4,10,56,21,,134,193
18-Oct-24,341,375,1136,,873,1783,7193,5574,3,6,64,24,,136,182
19-Oct-24,271,348,996,,589,1634,5951,4407,4,6,37,14,,103,157
20-Oct-24,348,324,1143,,886,2037,6763,6666,5,4,73,19,,146,203
21-Oct-24,367,382,1256,,1111,1867,7795,8209,2,15,80,46,,161,230
22-Oct-24,382,334,1186,,969,1891,7371,5874,2,14,69,26,,159,209
23-Oct-24,508,322,1252,,1287,1119,8152,7331,6,5,90,36,,191,241
24-Oct-24,401,364,1200,,1068,1031,8100,8006,3,14,68,18,,165,221
25-Oct-24,452,306,1244,,1312,897,10144,9175,4,12,79,27,,204,223
26-Oct-24,362,323,1096,,843,963,7011,5400,3,13,66,27,,132,166
27-Oct-24,320,254,1086,,773,1017,6369,4999,0,7,56,20,,125,155
